uuid,label
39cad44f-ae30-37ba-92b1-65a5d88be2c5,AdmFileObject::Node
01f86137-2286-32a5-8dbf-8095a9a5aa78,AdmSubject::Node
b3e57c7f-dc6d-3a81-9ce2-7c451e101822,AdmSubject::Node
43bcc5f0-cd32-3f02-af96-083907fd01c0,AdmNetFlowObject::Node
e7da4a23-43ae-3c4e-85a9-d0d759b56c67,AdmEvent::Node
3d72cb71-b26e-3a3d-aee4-2d35823cb94f,AdmEvent::Node
e40ea80d-cd20-37d5-873e-a7b32472d3ba,AdmFileObject::Node
6d277019-03ef-348d-a5bc-bdf00afe09d0,AdmEvent::Node
3a036480-2b0b-3dd1-a4ea-4bbc4224d97e,AdmEvent::Node
06fe13fa-db36-32fa-bdfd-d1efaea0c609,AdmEvent::Node
d395c723-bf0c-3420-8b5c-1b685b42cbcf,AdmEvent::Node
f02bcea1-744f-3183-bbbf-b091266ead18,AdmEvent::Node
ffade3a0-4c9e-3b7e-a631-c105e6e9e123,AdmEvent::Node
02a40021-43eb-3439-98a0-c54b53f3c18f,AdmFileObject::Node
eecef14f-dcc7-30db-93c5-b58a0bd5126a,AdmEvent::Node
3e97b297-cf74-39db-933d-cfc7f64e4ba6,AdmEvent::Node
3a7ddbc7-985d-3d0a-9064-22f21a81b160,AdmEvent::Node
e2ce8b4b-42f7-38d8-bd82-a83bea2a65ef,AdmEvent::Node
84cd258e-94a6-3703-b5bb-44a5a8d468cd,AdmEvent::Node
e20a19fe-a432-35af-b9ca-c4439ce154c5,AdmEvent::Node
62f27bbf-6f03-3198-9d7b-feb722271162,AdmEvent::Node
03ecd54a-bf9f-30f2-aefc-1bfdac692dee,AdmEvent::Node
1bf471dc-52c2-3be6-abc9-d85716f0a1a3,AdmEvent::Node
55b2a01f-e8aa-3b61-b766-1fb3c030dd74,AdmEvent::Node
53a9cb39-c890-3316-981a-2910f7f70ca9,AdmEvent::Node
8d240f76-01b3-3ab5-902e-29216ccefec2,AdmFileObject::Node
659e37e6-9ff5-3897-a7ca-f9f1bca94f20,AdmEvent::Node
35a310f7-e8a3-3208-bbc3-5422dfcfffd0,AdmEvent::Node
b43d9fdb-a13e-3c1d-b46e-ffd7e951c44a,AdmEvent::Node
30756c5f-d2cd-3c70-8fc3-2abf61e3dbcd,AdmEvent::Node
49460220-9bde-3939-a4b9-f20998a7bbcc,AdmNetFlowObject::Node
515e43d2-5815-3c74-9199-1b0f3aaf42a0,AdmEvent::Node
e258fb07-0420-37db-bf64-05934cf7267e,AdmEvent::Node
edd7bfa4-a65b-3daf-845c-18447a107aa5,AdmEvent::Node
0694c4b4-c51e-3e47-81c9-638c11baa3af,AdmFileObject::Node
0c43b93e-2338-3c9d-a31b-5ff86ffa5bf9,AdmEvent::Node
74f09d08-b545-3b9e-afa1-ee0b93bc119a,AdmEvent::Node
855b2066-caa0-32ec-a405-16ba62abaaf8,AdmEvent::Node
7d3cb906-c186-3bc7-8c0e-fb8f43ffb0d7,AdmEvent::Node
dcd226c9-74cc-3781-a8ea-bbcc5696f704,AdmEvent::Node
29efd17c-f24f-37f1-91e4-d96345f07793,AdmEvent::Node
382b421c-d23b-3c62-ab1f-df7fd2768692,AdmNetFlowObject::Node
31eb7e1a-5195-3046-b293-d47057b8f531,AdmEvent::Node
bf143983-6689-351e-9601-a5160ad45b4c,AdmEvent::Node
836342be-7dc6-3e19-91b0-34ddc3d153b6,AdmEvent::Node
5ea9aae8-e7ab-3143-8a6e-3a50a4cf6e0d,AdmEvent::Node
7313246f-d3ab-32ca-889c-2dc15ba23dd2,AdmEvent::Node
6cb9c29b-1bdd-3c9b-9dcc-7c3fb4de73d4,AdmNetFlowObject::Node
45b3c6c9-b3a4-3f6b-bbe4-dbfa176d7a84,AdmEvent::Node
8ebced33-02b8-357f-8071-e5ba41878c56,AdmEvent::Node
e291925a-b66b-3834-a340-48ca49d0f772,AdmFileObject::Node
aa06c19f-1a76-3987-8792-3a4167180f59,AdmFileObject::Node
9fd3fe4e-9ffd-3787-9524-2afb6c377657,AdmFileObject::Node
d40558b9-8935-3d22-81fd-b5602f552687,AdmFileObject::Node
416dc152-5602-32e5-a075-d66ccea9d6d0,AdmFileObject::Node
39cad44f-ae30-37ba-92b1-65a5d88be2c5,AdmFileObject::Node
01f86137-2286-32a5-8dbf-8095a9a5aa78,AdmSubject::Node
3858c401-f393-3ddb-9dae-ace9c34bb22c,AdmEvent::Node
84a5d70f-f36f-31eb-88b6-12753c4fef99,AdmFileObject::Node
de5c17c1-60cf-35a9-aaf3-f1164029891d,AdmEvent::Node
a91b24c2-cfee-3ec9-886e-0f46f54c2858,AdmFileObject::Node
4d4a798c-8f70-3af4-bb05-afa17162349e,AdmFileObject::Node
17dcdb54-0a8e-313c-814b-45eb4e354679,AdmEvent::Node
611a380e-b39d-32c8-b4d1-d261bb069663,AdmFileObject::Node
2fc225ab-c5a0-3480-b87a-59afc2fe2875,AdmEvent::Node
d5c07922-5687-37da-a6ae-70b2e3550d37,AdmFileObject::Node
cf28f8a7-f2fb-3945-9069-0de9d6c3df35,AdmEvent::Node
9816c636-d078-38c7-9ee9-6565901627bb,AdmEvent::Node
0573eb2a-6826-363d-b06a-7d0931dfd413,AdmNetFlowObject::Node
91ec5da9-8418-390a-a273-3c157226a9f7,AdmEvent::Node
76210d0f-6edc-3208-8b27-f1474871dc0e,AdmFileObject::Node
34e57863-5306-399d-94ff-a7a4efa2d1ca,AdmEvent::Node
5403a75c-1ec3-3c85-a203-a0f41cfb07f3,AdmEvent::Node
ec6a3abf-bd15-3a77-b534-f31707694f11,AdmEvent::Node
0f4b3085-bdf8-3497-abec-94800e0321d2,AdmEvent::Node
6d3c9051-bba6-3d17-b1d3-1f02b9301f31,AdmEvent::Node
f86095a4-70cc-3ac3-a582-08c5edacafb8,AdmEvent::Node
26cb4e07-0622-37ef-8e18-f9d13194336c,AdmEvent::Node
d040c675-e379-3404-9aee-5ab178954bf3,AdmFileObject::Node
f8aa82e8-bf6b-3e75-883a-352062532241,AdmEvent::Node
8f310d6f-15d7-3979-8aab-1bd8986cdc57,AdmEvent::Node
d62df631-6562-3b8e-ac84-f802d29bbcdc,AdmEvent::Node
cb6f527f-79d4-33ca-9a80-d0bea2f7f51d,AdmEvent::Node
b95266f3-3135-3c70-8832-068c832694fb,AdmEvent::Node
a67b54a7-21a8-383c-990d-1364c876d5d3,AdmEvent::Node
cc18cf0e-f902-3667-8250-95e5b953f436,AdmEvent::Node
80667ba7-0a89-38ff-9c37-f060fb642937,AdmFileObject::Node
18b60ef8-f161-3475-bb05-9f37199f54e2,AdmSubject::Node
f922b1b2-d880-32a4-a1d6-bc40bec1e124,AdmFileObject::Node
36dc4eb6-af32-33e4-99de-1f61bfd0a104,AdmEvent::Node
12f3c4e6-724d-3e99-90ca-a7e7716dfab1,AdmEvent::Node
15677b7b-c46b-3d4b-95b0-334a72931144,AdmEvent::Node
fcfc6bca-6f24-395a-975b-7e3ddcaff920,AdmNetFlowObject::Node
b3e57c7f-dc6d-3a81-9ce2-7c451e101822,AdmSubject::Node
ab3d661c-18df-344b-be7d-2dd71a9e6c30,AdmNetFlowObject::Node
9b756f33-dd41-3466-9b71-c1ef00c894ec,AdmFileObject::Node
aa4112ae-ea6e-3889-bbd9-7b605e0727f2,AdmSrcSinkObject::Node
be59e64c-6f36-33b0-9962-2fe2d52d0a24,AdmSrcSinkObject::Node
1d521639-7bc7-333e-8c74-5da91c306a29,AdmSubject::Node
b9a91288-a76a-3124-8fed-d08fb401dbb5,AdmFileObject::Node
5c894b73-567a-3bc3-bd03-d4f9af4f8abe,AdmEvent::Node
e8c42037-b48f-30bd-a04f-de595cc512d2,AdmEvent::Node
599f3acf-ca91-3098-a4ad-eb8cbcda5808,AdmEvent::Node
62873b20-18f8-3d51-995b-ccdb38e9c9cb,AdmEvent::Node
77e46fbf-6c1d-382d-b0c5-7c230652f6e4,AdmEvent::Node
7bc798cf-afa6-378b-a943-1c41004461c7,AdmEvent::Node
391b4c78-2bbf-3065-9cd8-a22b13034612,AdmEvent::Node
b8bfe58e-4f63-3c0b-a57a-8caef07eb2b4,AdmEvent::Node
a710c82c-c38b-3bef-822e-fab7afa4008b,AdmEvent::Node
026e8878-4f3a-3aab-ad22-9b0276477fdb,AdmEvent::Node
54844a2d-0431-34df-83fc-507a1c139e6f,AdmEvent::Node
e01a5551-0b5f-3de9-bb1e-3508edf61848,AdmEvent::Node
a3d6f9b4-cd2b-311c-adf4-97cbaeacce4e,AdmEvent::Node
6bbe0f5a-fb38-3392-88d6-b906fd094a22,AdmEvent::Node
c66d7672-de7e-3f4e-82d5-5a24df4a06dd,AdmEvent::Node
7ff1ee56-6e73-396c-9410-ee4f76631842,AdmEvent::Node
58d6f94f-ab51-3623-8e74-be6cce72902a,AdmEvent::Node
d6e404c7-889a-3912-9156-adf1ef572707,AdmEvent::Node
cee35048-19c3-332c-b9f6-1349cfc98f6c,AdmEvent::Node
355ec163-6d6d-3459-8f06-cd60f3826f38,AdmEvent::Node
12a824c7-7eeb-33ea-a3cf-636f390b1692,AdmEvent::Node
9ee0d6d3-f6ca-32b6-b27d-00e5a600be44,AdmFileObject::Node
9594e1b4-4185-35b9-a68b-b933b5e59961,AdmSubject::Node
8e6f17ee-b142-32fc-8a26-49b8ccd24165,AdmEvent::Node
c840ac9f-b972-3b0f-8640-6834355d1e10,AdmEvent::Node
a455206a-88c9-3d63-9c54-61c399cf73c7,AdmEvent::Node
05ceb944-6280-3c9e-a59d-dfd525d67e28,AdmEvent::Node
38053938-3da1-3870-9cc7-fcbe7d957f7c,AdmEvent::Node
a1a74dc0-9423-3015-85a9-8cfd0b164709,AdmEvent::Node
440c30d5-5f0e-3a42-b617-5d5229fde52d,AdmEvent::Node
e5caf19c-38af-35fd-862b-b80082b3db15,AdmEvent::Node
06509205-827e-341f-9700-0128a553446d,AdmEvent::Node
14bd8864-48a9-333d-9d22-a87f16dee222,AdmEvent::Node
7ad85f42-b0ba-3df9-a3d6-81735c8464b5,AdmEvent::Node
7fb62163-af84-3155-a289-236127589e9b,AdmSubject::Node
d9c3abc0-01e2-316d-893d-338681abc923,AdmEvent::Node
3a6b6bd2-62a2-3cdc-8b9c-bf467e9801b5,AdmEvent::Node
5b6aee44-9cb2-3e56-9df7-941ccace88de,AdmEvent::Node
e5bb8d83-d8e4-39e2-9676-a76d9f3283b8,AdmEvent::Node
fe35714d-6f17-3866-8035-cdf22aa345e3,AdmEvent::Node
cb9f765d-5a63-3523-894f-38c748a68cc4,AdmEvent::Node
72ed3d60-3f5c-3fd7-b8eb-64735e49d16b,AdmEvent::Node
834cd2ff-3705-3c51-aabe-36eb655d2da5,AdmEvent::Node
6e796128-19ec-3a23-860b-f1eeb220339a,AdmEvent::Node
adf7499f-ce8b-3e5a-8376-f3202f5cf2fc,AdmEvent::Node
56d32e5f-a8aa-3f99-a95b-42abd7d6ce17,AdmEvent::Node
9b059525-4385-3186-8af7-0bee9439f781,AdmEvent::Node
b7b27c66-c403-3a29-ba14-197f07b7e3ac,AdmEvent::Node
276901ab-fcb9-3da8-bc69-3a735eb17540,AdmEvent::Node
9d1fd8a4-30a4-37a7-b177-b5967684519e,AdmEvent::Node
c8ff16b0-96af-30c3-abb4-f66b8fd48c3f,AdmEvent::Node
f98791f5-ed63-3380-aaf1-1323166de8ff,AdmEvent::Node
70f23dd3-097f-3330-a07c-e939c919ffe6,AdmEvent::Node
62697b5b-f792-3c57-877d-ce1c9f00dbd2,AdmEvent::Node
efdc1a13-cf3b-3d35-8619-ebc37512bc4b,AdmEvent::Node
3b9317ee-20bc-3b8a-8d66-bdf46ae0c691,AdmEvent::Node
f11bbd3b-cdeb-33d3-9619-8f0d6da6f53b,AdmEvent::Node
24de3e04-933a-3bba-9427-b869d489f2d4,AdmEvent::Node
69311f49-d327-3a83-aaac-868ca17d4735,AdmEvent::Node
d20b7392-4210-3b52-bbf5-ed127780f1f9,AdmEvent::Node
7c6cfe14-b7af-3fb8-98aa-c4ae949ba7f9,AdmEvent::Node
7da96789-bf58-3594-b31b-aad09580e2a4,AdmEvent::Node
9c2a8353-2e6a-3b4a-92a2-ea2582e54248,AdmEvent::Node
51d07aee-e2b3-34a3-9502-93e979d8e814,AdmEvent::Node
f5a25b60-bb08-3207-9ec8-1c8df0fa6888,AdmEvent::Node
53b928ad-2ae4-3489-8a8b-9755e9aca3ce,AdmEvent::Node
8e4f1261-f1a9-3b27-8a51-37ed264be47f,AdmEvent::Node
d08bfd93-eded-3bb6-874b-106c53ea9a97,AdmEvent::Node
ad140d84-909a-351e-9357-8c4feb77d6d6,AdmEvent::Node
5ea5b820-09ce-30f9-a86c-de617451c9fe,AdmEvent::Node
5be68941-ea19-33e5-9abe-4d0cd01e7010,AdmEvent::Node
051e1996-8b2d-3e6b-b555-f89a78f096e7,AdmEvent::Node
c4cca238-fbca-346a-8477-f91a4f6e29fc,AdmEvent::Node
1b6d6fe6-af8a-388b-8899-bfc6a7b44215,AdmEvent::Node
0bf417ad-2499-3b59-b3a3-c7385060d1d2,AdmEvent::Node
2a858b03-60bf-31be-bfde-1f17be93b5a6,AdmEvent::Node
d415a2ca-815a-36fe-93e5-70c3c0305673,AdmEvent::Node
27b0e8ad-4a5d-3af4-baf3-eef38be3bd36,AdmEvent::Node
e2951443-6b96-32a5-8e3b-9f25376c55c1,AdmEvent::Node
820276c7-635b-3383-aa00-12068cc25c6c,AdmEvent::Node
d6f879bd-3d70-3fb1-90d0-93fd854142df,AdmEvent::Node
2b7d0fd6-730c-3fc0-b9ed-318bfac1cc1b,AdmEvent::Node
a4e1cb16-797a-33b1-90a5-7e2b31244d90,AdmEvent::Node
89659d2b-d79a-3115-8c8a-382e994ec259,AdmEvent::Node
c72e20eb-f852-327d-b22a-f16409ece628,AdmEvent::Node
bd5cffca-e46c-393c-a5c2-83bf614c56d0,AdmEvent::Node
8683ad26-f4fc-3362-a7ef-a20b517ac981,AdmEvent::Node
070cf5cf-10d2-359e-8abf-f9159daab0b1,AdmFileObject::Node
e71d662a-0dd7-35fc-a270-40aec8a693ce,AdmSrcSinkObject::Node
c60a6231-f12d-349a-8241-e54234d74ad9,AdmSrcSinkObject::Node
4d6a1a43-ea41-39a2-a432-c5d467d00324,AdmSubject::Node
af1247a3-ec76-3498-8ee5-e4ff6aaed6d7,AdmEvent::Node
6a3890a5-bdb0-31c1-9826-1c4d99262ac3,AdmEvent::Node
7fdc0a5f-6f01-3b50-be0a-34ea82cf2244,AdmEvent::Node
9315c2b6-c8ec-344c-b4b0-ee3d33be6fdd,AdmEvent::Node
a6777dbd-243f-3f9e-b873-b5925cc3582a,AdmEvent::Node
090fb97e-f4c7-35bf-bc5a-63a4033166f9,AdmEvent::Node
1b3cd5ea-ccfa-351d-9728-9560864bef39,AdmEvent::Node
f7c8d0ef-3b73-3ea4-b354-ff9f269a3870,AdmEvent::Node
4c45700d-0646-3fb3-bcbe-61f27a899c54,AdmEvent::Node
f6885a35-b1d0-3108-8528-9d20b431b2fe,AdmEvent::Node
0d234c56-e0a6-3d63-a983-b8111a860f78,AdmEvent::Node
a37546ef-7575-338e-b6e1-c96898d55cf6,AdmEvent::Node
85cc9a21-37ff-3c7d-9826-fbb338e4970c,AdmEvent::Node
e34b1bcd-d8e8-329b-bac2-31eb452f5c74,AdmEvent::Node
a35a524a-bbd0-3838-9c1f-96dabe794967,AdmEvent::Node
845f1ed1-8685-34ca-ac71-dcbb43659ff9,AdmEvent::Node
0b179500-9fd4-37b9-87ea-114c2546f9e9,AdmEvent::Node
1757e5a3-9702-3f1f-9900-18f6f26e92af,AdmEvent::Node
b7e56226-c969-3811-a0ed-94d895912c98,AdmEvent::Node
905006fe-a0db-30cf-9ee6-e8cb6f08376d,AdmEvent::Node
86815d53-5859-315d-b3f1-2f2de9b4f06f,AdmEvent::Node
e19a097f-a325-3c5a-a6bf-15899c8150e5,AdmEvent::Node
0523c491-5e05-357a-b420-d6cf1d6702e6,AdmEvent::Node
813810a0-eeec-3bc0-b8dc-6ab2714ea993,AdmEvent::Node
17b62283-58a6-3258-aecd-aec04f8d2fc9,AdmEvent::Node
5eba159f-3790-3900-8cce-8b4ae00f9e22,AdmEvent::Node
caddecec-1aef-3c5c-aaa9-f900fc190cbf,AdmEvent::Node
07df79f7-8aef-3df6-9c3c-265c277e80a6,AdmEvent::Node
68143d12-ce3c-3a33-9311-490ab82d2fd3,AdmEvent::Node
a7bf32af-6783-3b16-bbf0-3ed37e6d7da7,AdmEvent::Node
7a64638f-53e7-3271-a991-c7feefca58b7,AdmEvent::Node
0b0bf027-909a-3cb2-bbac-c7006e81bba3,AdmEvent::Node
05bddc38-e847-3936-9d2f-43b18df1fabd,AdmEvent::Node
82022d1a-b7b5-3a43-be6b-358f31cdd215,AdmEvent::Node
9b726179-f524-3346-93cc-c2b4e8e69fc1,AdmEvent::Node
a2af2c51-238e-3bbc-bae2-93ee01078379,AdmEvent::Node
085d5524-df55-3453-ae92-d8f048528864,AdmEvent::Node
59466ad3-a120-3451-b288-fd36d6d7a4f6,AdmEvent::Node
c5926b31-869b-3fce-9851-d7d721088f10,AdmEvent::Node
7075e5c7-f697-3831-be36-5e5f9a2d1e6e,AdmEvent::Node
4a4b77f7-6b06-3361-9a16-b2e4975ec532,AdmEvent::Node
0ab1595e-3193-3fc2-a54e-dfbf0f7d4d5e,AdmEvent::Node
6f5e34cc-de8d-3da2-b73a-9d46ff867dfe,AdmEvent::Node
8139ba6e-cbe6-3094-aa94-e36adaa13d21,AdmEvent::Node
d47d8761-b024-333d-b251-eb7cfa29038d,AdmEvent::Node
934c2ba1-2d1f-3144-8c8c-11f23c28bc68,AdmEvent::Node
60c4819e-ad16-329c-b8d6-d7cb7b39e583,AdmEvent::Node
8ec06ff5-36bf-35e0-bb99-835c489787ba,AdmEvent::Node
4c8c0d29-c4b2-3eec-86f0-d6b071103478,AdmEvent::Node
ba5114f4-05f9-38a9-97fc-513999218f5a,AdmEvent::Node
0481d794-0e06-3b15-ac25-68dbd2eb4a82,AdmEvent::Node
2ed3dab0-c7a9-32a9-8a7f-fab248f46e0b,AdmEvent::Node
36eb44b6-0ea7-31e1-987a-82877d2eeaf3,AdmEvent::Node
804f02cc-ce09-3002-a76c-6045b40669f2,AdmEvent::Node
d1a0ab77-8e6b-3600-9b0c-443cbfd3984f,AdmEvent::Node
b3fa282c-a1bb-3553-965b-eea28bd86226,AdmEvent::Node
e6f4ae94-4e3e-32a7-b3ab-7dd92b9116a3,AdmEvent::Node
45217146-0db0-3298-b49c-6620eb27d3d3,AdmEvent::Node
1c2bcf81-e951-3648-a633-f36227064a44,AdmEvent::Node
727542ce-ab80-3027-a577-ce4d23af138f,AdmEvent::Node
1c70958f-22c7-3ab7-9ce4-48a75b9dca3e,AdmEvent::Node
a3844962-7e5a-3dca-af7f-18c91697b40a,AdmEvent::Node
eb6fad2d-6aa9-3481-8319-3a7e7e208080,AdmEvent::Node
28df9f81-1572-33bd-b70c-ffd2d47233db,AdmEvent::Node
44f6b94c-469d-3dfb-9e00-9a5a742c7db3,AdmEvent::Node
b9eb1c49-fed7-38e7-83a9-c85ed5fec1e0,AdmEvent::Node
d256b3c5-d35b-39b8-af5f-771bb7ff975e,AdmEvent::Node
69a4be71-f0b8-3b12-9240-48addef19f14,AdmEvent::Node
fb246faa-60ae-31dc-94e4-00680285f17e,AdmSrcSinkObject::Node
12fc922a-3a5b-3a81-ba24-b38510b45118,AdmSrcSinkObject::Node
78920aab-e7dc-336d-b9df-1571648e4d18,AdmSubject::Node
ce2a75db-5a6b-3cfd-9f16-b77eca796c3e,AdmEvent::Node
7f9b19f1-6851-3e5b-a9fd-3c102d8938f9,AdmEvent::Node
6db555c7-a8cc-33e9-9572-de82ba63e8c3,AdmEvent::Node
91d47ff7-0c75-3abd-8d4f-98975665e50d,AdmEvent::Node
a98fa3fa-fea5-35e5-a93c-c7d6d8413b19,AdmEvent::Node
4a44ed6d-e693-36bb-bde7-a50019bb5882,AdmEvent::Node
24f8a3bf-1a6c-3a55-a8e9-6fe70029789a,AdmEvent::Node
058b021f-357e-3faf-b8cf-17df888eb726,AdmEvent::Node
42ffc852-26a4-379e-9622-43bd1bc2f566,AdmEvent::Node
24a9db38-22a7-3ece-b7a5-0131a2736f35,AdmFileObject::Node
e923d88e-f39e-3e51-b8fc-611a51dbe51d,AdmEvent::Node
943121d1-ce3e-39a9-8edc-c174a62116a0,AdmSubject::Node
702b2a4a-b1e3-349e-8893-095a54cc3017,AdmEvent::Node
0d15292c-e764-3dc7-a361-66c51b0f888c,AdmEvent::Node
ee3d3468-820d-3b2d-a00e-45c0e9464e4e,AdmEvent::Node
0874dbfb-27b4-37d8-b9bc-151e2d2d7a51,AdmEvent::Node
6e2ecd7f-48f7-3ed5-a209-3c4d5dacd85c,AdmEvent::Node
ad2455cc-66fa-3827-98db-fadb3cd2dab1,AdmEvent::Node
7cd6e9fa-adcf-3af4-bd8d-4cb6237575f1,AdmEvent::Node
d848e345-3168-3177-b416-8b9cedb59160,AdmEvent::Node
4efff817-a780-3425-a3b0-487f5b001d81,AdmEvent::Node
89063b6f-43f4-372a-9375-63f663fc70f7,AdmEvent::Node
e7575290-c1f0-3d4e-be77-b9873a095abe,AdmEvent::Node
4c0c447f-96d9-3306-be1f-c773944cbdd3,AdmEvent::Node
628c66b1-df52-30e1-b7e5-4a360eb25655,AdmEvent::Node
ddb07fd9-5ab8-33e9-bc46-7427d6b3bcdb,AdmEvent::Node
b9a3b98d-1113-3312-b06d-e5b95091a0d9,AdmFileObject::Node
452a2836-9782-3e61-95d7-99a486a78f93,AdmSrcSinkObject::Node
679825db-e655-35c7-b505-123663ce0064,AdmSrcSinkObject::Node
ccd0c16a-c76a-317e-9ee6-3015f57573e0,AdmSubject::Node
1d5d2827-b5a1-3096-a581-a6cc8bd43a37,AdmEvent::Node
098cd021-1976-3ddd-b789-f4929e004280,AdmEvent::Node
7ec591c1-5a1a-33e0-adb5-f1d6abdcb90a,AdmEvent::Node
ddb02fe1-007a-3e83-9e0d-e77e9eb53793,AdmEvent::Node
8f07377f-dbd1-3448-9a5a-c0b72f512c2f,AdmEvent::Node
9b560284-6572-3dc0-9691-16b0aa098999,AdmEvent::Node
931a1133-ea85-3c88-9a9f-e64bb4db8c0c,AdmEvent::Node
99bc9635-82ca-3dc0-8e3a-0dc53cde4409,AdmEvent::Node
cd28db4d-134f-3cdc-bca5-c6eb1af0819c,AdmEvent::Node
bce42955-9692-3e26-860f-bf80c045c05f,AdmEvent::Node
eee0291a-5a1a-3351-b7b4-2079854b37ad,AdmEvent::Node
3d7ce235-0028-3af8-abdd-841c1e51ed4d,AdmEvent::Node
dccb43d7-a57f-3fdb-b895-1ebe5953c781,AdmEvent::Node
7896596d-6186-34ab-9c4d-c0b3e13cc177,AdmEvent::Node
92edaf2d-acfd-37ca-851c-56db1cb5a7e9,AdmEvent::Node
6c799a07-32d5-3052-9dda-2a152aee125c,AdmEvent::Node
c8ed5475-23b0-353f-8bd5-e0adb9a721bb,AdmEvent::Node
656776bd-e14c-3c22-a385-2fe2b55a331c,AdmEvent::Node
87e44782-3de6-3edc-9295-905f42207479,AdmEvent::Node
cf6224cb-9c7d-3026-9062-e2880a1ff6ae,AdmEvent::Node
49f9ae33-3069-35d5-8461-aaa71193fc52,AdmEvent::Node
2bd1fe44-5f68-3da0-a3ad-eda2e1e90c73,AdmEvent::Node
90051453-2a4d-3e38-accb-662a13ae1d28,AdmEvent::Node
2917c1fe-012e-3c32-8bfd-e512eb20068b,AdmEvent::Node
0b3d14cd-1ced-3934-9e36-815ebb9fee54,AdmEvent::Node
c7c20bca-d98c-364d-8be2-fe1fc0c611ff,AdmEvent::Node
02352fec-6731-33aa-8dd1-7185097baa2f,AdmEvent::Node
004d7166-06fc-3799-b09c-438c3cd997d5,AdmEvent::Node
5b32199f-54cb-3e6b-abdd-fdc057efb27b,AdmEvent::Node
c257a862-90f2-392c-a719-bd1502b102b2,AdmEvent::Node
ff36bda1-0271-31e0-8578-c65646c66f42,AdmEvent::Node
08537d8b-6c72-31e7-8cc4-3891603ddd98,AdmEvent::Node
1273e455-0d2b-32a5-a823-d16a2914fa9e,AdmEvent::Node
e291925a-b66b-3834-a340-48ca49d0f772,AdmFileObject::Node
13ba115a-dbbb-3d49-aa2a-5f1e692258ae,AdmSubject::Node
c80efb7a-4f87-30bd-b62a-fc1230e93529,AdmSubject::Node
a8954862-47a6-3be5-96a4-f516f372bf00,AdmEvent::Node
f31af1f3-4792-3202-b20c-fe150a5254b4,AdmEvent::Node
f083f741-b05a-32c2-bd75-0218f515198d,AdmFileObject::Node
e7a653d4-7c0b-316c-92a4-5f9f714ec2f5,AdmEvent::Node
d64c031b-d510-3db1-8e2b-15dead573a32,AdmEvent::Node
7cf75563-daa0-390c-9dec-1f26cfdb63f2,AdmEvent::Node
0151dbc6-7984-38de-8a99-200214899504,AdmEvent::Node
39db8e20-9929-3a6f-af69-3e6831147d4a,AdmEvent::Node
9ab5ba19-6924-3f1c-88d1-110c35388e37,AdmEvent::Node
21ad9f8a-a4fb-32c7-a70e-b7169f4d9711,AdmSubject::Node
041b0c2e-f313-33cc-b335-74cc03c5770e,AdmFileObject::Node
1edf7e2b-0a1f-387f-a328-0c78b2f49b33,AdmEvent::Node
7f48eaab-d823-325e-b2ee-4fc25707e1a3,AdmEvent::Node
dea7ca4e-985e-3d42-9a6b-57e84395ac9c,AdmEvent::Node
8caa3f85-f8f3-3068-921a-c8cfb50f0fa2,AdmEvent::Node
588c858c-69c7-31ce-9e40-5180322eb223,AdmEvent::Node
e04640f8-57b0-3f89-a57f-a1e553bf810f,AdmEvent::Node
9ead60ce-3386-3722-b011-dc250bab8298,AdmEvent::Node
51324048-5fe0-3787-84d8-95ee98f4fbf6,AdmFileObject::Node
6ab603c4-100b-37a8-aed5-d8c55d126b10,AdmEvent::Node
2f42903b-da2c-3025-9990-987f87202262,AdmEvent::Node
65bf2f4d-5b20-37c5-a952-f7ce617967fe,AdmEvent::Node
587fe6d0-b3da-3f07-b3cc-804268310bfe,AdmEvent::Node
85b6caa5-4730-3553-a4e8-22fd24772d7d,AdmEvent::Node
9913cbc0-4653-365f-8a6f-568e903694cf,AdmEvent::Node
b1b52bf9-011e-38af-a3d3-807a367b8c31,AdmFileObject::Node
55153e55-94f5-3736-91f7-07343166a76d,AdmEvent::Node
8bde7e2f-8020-34a0-b547-ab6d4ee620c4,AdmEvent::Node
a29f0dda-8060-31b6-b40c-5d6b6c5d387e,AdmEvent::Node
94ec62ea-3300-3cb9-8ba0-7617e63f8667,AdmEvent::Node
80a0ff03-6aee-3feb-898d-4e28cb52f418,AdmEvent::Node
2be285c9-f78d-3a3d-9f34-8018acf81865,AdmEvent::Node
020165e3-b89f-3889-93c9-ba0db4826d80,AdmFileObject::Node
b81f4160-42f3-3b94-9ff1-3663a4e9de1e,AdmEvent::Node
6b1448c5-d25e-32c0-af96-919495288dc4,AdmEvent::Node
abcdeee0-889d-3e51-b70f-dac59af0900c,AdmEvent::Node
51dcbce9-4e65-31e0-8419-8219d673d50a,AdmFileObject::Node
355373e8-74cd-38af-854b-b198f63139dc,AdmEvent::Node
b18b15c9-d7e6-3643-9f6f-a592a364b81f,AdmEvent::Node
3439fbd1-b90b-3a5c-847d-60fe69786b0a,AdmEvent::Node
cc33389d-60d8-350d-ac5e-8865634964db,AdmEvent::Node
5e34c6df-0370-3d40-b400-20df2be71393,AdmEvent::Node
d075eb50-26dc-3e3e-9493-6da516515599,AdmEvent::Node
9391b380-9025-3514-be2c-ea20dbf18463,AdmEvent::Node
ef162678-fd95-3045-b3dc-7f5c24b26bac,AdmEvent::Node
4a9567b2-e4ac-3bfa-8c6e-0c464c6980d8,AdmEvent::Node
a9f70eea-d62d-3049-a710-9bd88d5c30e2,AdmEvent::Node
bbd692b5-fbce-3998-a36e-c7e1ec53cb9e,AdmEvent::Node
d4b51eed-9827-32f6-815e-71158a784527,AdmEvent::Node
