"uuid","label"
"d2d9086f-2d46-30ef-8d56-03d9405d9e93","AdmSubject::Node"
"cca75a92-acc5-3621-a38d-bb1da2873a5a","AdmEvent::Node"
"39e87bee-29f8-3cd4-92bc-5adf4dab68de","AdmSubject::Node"
"3f622167-d7bb-31c2-ba53-9a9799b0b584","AdmEvent::Node"
"126a0c99-74f4-3bd9-9255-dd99b0daca93","AdmSubject::Node"
"48c6e27f-91a9-38f4-a29e-b8ec0ab286da","AdmNetFlowObject::Node"
"59478971-9521-3635-a2f2-09caafb14692","AdmEvent::Node"
"5a4010c0-4ddd-39a6-8227-807325586780","AdmSubject::Node"
"68b957bd-2537-367c-a9e1-2d036d066f46","AdmNetFlowObject::Node"
"8351f43d-b8ee-3394-9e16-d99a1de20610","AdmEvent::Node"
"8fd047d7-5ebe-3e99-ad46-7d07d8a67c95","AdmEvent::Node"
"721ba437-3f2d-38f0-bcd8-6d6a0a10d710","AdmEvent::Node"
"147bed9c-234e-358c-9360-fc468e2b21bf","AdmSubject::Node"
"612dfb25-f046-3e36-9949-0636df1afd3e","AdmSubject::Node"
"36a8cd5c-a646-3cc6-bade-a2b7b9b80046","AdmSubject::Node"
"d3e908ef-b7e6-3c95-a1b0-40d7ca2bea80","AdmNetFlowObject::Node"
"ced790d2-96e5-3e9a-b302-45a11e6041b3","AdmSubject::Node"
"4a330a90-0cb9-3b37-bd5c-09e8962ab1a2","AdmSubject::Node"
"aa57a3bf-35ff-3750-a861-a0cad68f201f","AdmEvent::Node"
"8ee5b8f5-84bf-3005-b145-4a352381f0a3","AdmEvent::Node"
"ce4e1470-1203-317e-9dd6-a6ccaab92df0","AdmEvent::Node"
"dcdc97dc-8361-3b1d-abb6-89d2d90d1376","AdmEvent::Node"
"c7412624-63c6-399b-b7fe-9782269f4a01","AdmEvent::Node"
"6e607c38-8781-3917-95eb-be6efdf5ff90","AdmSubject::Node"
"610e7f39-4421-378b-b1b0-a912725de2eb","AdmNetFlowObject::Node"
"68ca9552-8d77-3020-a904-94ebdb07ca8b","AdmEvent::Node"
"23d86a86-0752-3d47-938b-73ca40746b2d","AdmSubject::Node"
"11a55092-ab88-38ba-abec-004a67687ae5","AdmSubject::Node"
"7e7b85aa-00b5-3581-a97b-a3695ba11db6","AdmSubject::Node"
"eaaa9de6-d73c-39a0-a492-e4e431edde80","AdmNetFlowObject::Node"
"c563233c-86fd-39a5-a4ea-bd01f8691343","AdmEvent::Node"
"aaafc1be-8289-3d3f-8331-35b6b79478c4","AdmEvent::Node"
"79cb82dc-aaa3-3b16-b09d-bc243408ebb5","AdmEvent::Node"
"2a6efc3a-378c-3371-a109-e040768706ad","AdmEvent::Node"
"92fc72b5-c884-35c0-b949-27c4ae52afb1","AdmSubject::Node"
"f4bb642a-62f4-33b5-aac0-c109f606ed16","AdmEvent::Node"
"516d7fb9-2814-3763-be98-dc9de7f86832","AdmNetFlowObject::Node"
"246c3518-8763-3051-9797-f351a39ef606","AdmEvent::Node"
